"f_file","q_file","K_detected","n_inds","K_from_name","ok"
"/Users/zacharygagnon/Desktop/BeechCode/data/structure/HEG_ZG_run2/STRUCTURE_main_final_278_HEG_ZG-K1-1_f",NA,NA,NA,1,FALSE
"/Users/zacharygagnon/Desktop/BeechCode/data/structure/HEG_ZG_run2/STRUCTURE_main_final_278_HEG_ZG-K1-10_f",NA,NA,NA,1,FALSE
"/Users/zacharygagnon/Desktop/BeechCode/data/structure/HEG_ZG_run2/STRUCTURE_main_final_278_HEG_ZG-K1-11_f",NA,NA,NA,1,FALSE
"/Users/zacharygagnon/Desktop/BeechCode/data/structure/HEG_ZG_run2/STRUCTURE_main_final_278_HEG_ZG-K1-12_f",NA,NA,NA,1,FALSE
"/Users/zacharygagnon/Desktop/BeechCode/data/structure/HEG_ZG_run2/STRUCTURE_main_final_278_HEG_ZG-K1-13_f",NA,NA,NA,1,FALSE
"/Users/zacharygagnon/Desktop/BeechCode/data/structure/HEG_ZG_run2/STRUCTURE_main_final_278_HEG_ZG-K1-14_f",NA,NA,NA,1,FALSE
"/Users/zacharygagnon/Desktop/BeechCode/data/structure/HEG_ZG_run2/STRUCTURE_main_final_278_HEG_ZG-K1-15_f",NA,NA,NA,1,FALSE
"/Users/zacharygagnon/Desktop/BeechCode/data/structure/HEG_ZG_run2/STRUCTURE_main_final_278_HEG_ZG-K1-16_f",NA,NA,NA,1,FALSE
"/Users/zacharygagnon/Desktop/BeechCode/data/structure/HEG_ZG_run2/STRUCTURE_main_final_278_HEG_ZG-K1-17_f",NA,NA,NA,1,FALSE
"/Users/zacharygagnon/Desktop/BeechCode/data/structure/HEG_ZG_run2/STRUCTURE_main_final_278_HEG_ZG-K1-18_f",NA,NA,NA,1,FALSE
"/Users/zacharygagnon/Desktop/BeechCode/data/structure/HEG_ZG_run2/STRUCTURE_main_final_278_HEG_ZG-K1-19_f",NA,NA,NA,1,FALSE
"/Users/zacharygagnon/Desktop/BeechCode/data/structure/HEG_ZG_run2/STRUCTURE_main_final_278_HEG_ZG-K1-2_f",NA,NA,NA,1,FALSE
"/Users/zacharygagnon/Desktop/BeechCode/data/structure/HEG_ZG_run2/STRUCTURE_main_final_278_HEG_ZG-K1-20_f",NA,NA,NA,1,FALSE
"/Users/zacharygagnon/Desktop/BeechCode/data/structure/HEG_ZG_run2/STRUCTURE_main_final_278_HEG_ZG-K1-3_f",NA,NA,NA,1,FALSE
"/Users/zacharygagnon/Desktop/BeechCode/data/structure/HEG_ZG_run2/STRUCTURE_main_final_278_HEG_ZG-K1-4_f",NA,NA,NA,1,FALSE
"/Users/zacharygagnon/Desktop/BeechCode/data/structure/HEG_ZG_run2/STRUCTURE_main_final_278_HEG_ZG-K1-5_f",NA,NA,NA,1,FALSE
"/Users/zacharygagnon/Desktop/BeechCode/data/structure/HEG_ZG_run2/STRUCTURE_main_final_278_HEG_ZG-K1-6_f",NA,NA,NA,1,FALSE
"/Users/zacharygagnon/Desktop/BeechCode/data/structure/HEG_ZG_run2/STRUCTURE_main_final_278_HEG_ZG-K1-7_f",NA,NA,NA,1,FALSE
"/Users/zacharygagnon/Desktop/BeechCode/data/structure/HEG_ZG_run2/STRUCTURE_main_final_278_HEG_ZG-K1-8_f",NA,NA,NA,1,FALSE
"/Users/zacharygagnon/Desktop/BeechCode/data/structure/HEG_ZG_run2/STRUCTURE_main_final_278_HEG_ZG-K1-9_f",NA,NA,NA,1,FALSE
"/Users/zacharygagnon/Desktop/BeechCode/data/structure/HEG_ZG_run2/STRUCTURE_main_final_278_HEG_ZG-K10-1_f",NA,NA,NA,10,FALSE
"/Users/zacharygagnon/Desktop/BeechCode/data/structure/HEG_ZG_run2/STRUCTURE_main_final_278_HEG_ZG-K10-10_f",NA,NA,NA,10,FALSE
"/Users/zacharygagnon/Desktop/BeechCode/data/structure/HEG_ZG_run2/STRUCTURE_main_final_278_HEG_ZG-K10-11_f",NA,NA,NA,10,FALSE
"/Users/zacharygagnon/Desktop/BeechCode/data/structure/HEG_ZG_run2/STRUCTURE_main_final_278_HEG_ZG-K10-12_f",NA,NA,NA,10,FALSE
"/Users/zacharygagnon/Desktop/BeechCode/data/structure/HEG_ZG_run2/STRUCTURE_main_final_278_HEG_ZG-K10-13_f",NA,NA,NA,10,FALSE
"/Users/zacharygagnon/Desktop/BeechCode/data/structure/HEG_ZG_run2/STRUCTURE_main_final_278_HEG_ZG-K10-14_f",NA,NA,NA,10,FALSE
"/Users/zacharygagnon/Desktop/BeechCode/data/structure/HEG_ZG_run2/STRUCTURE_main_final_278_HEG_ZG-K10-15_f",NA,NA,NA,10,FALSE
"/Users/zacharygagnon/Desktop/BeechCode/data/structure/HEG_ZG_run2/STRUCTURE_main_final_278_HEG_ZG-K10-16_f",NA,NA,NA,10,FALSE
"/Users/zacharygagnon/Desktop/BeechCode/data/structure/HEG_ZG_run2/STRUCTURE_main_final_278_HEG_ZG-K10-17_f",NA,NA,NA,10,FALSE
"/Users/zacharygagnon/Desktop/BeechCode/data/structure/HEG_ZG_run2/STRUCTURE_main_final_278_HEG_ZG-K10-18_f",NA,NA,NA,10,FALSE
"/Users/zacharygagnon/Desktop/BeechCode/data/structure/HEG_ZG_run2/STRUCTURE_main_final_278_HEG_ZG-K10-19_f",NA,NA,NA,10,FALSE
"/Users/zacharygagnon/Desktop/BeechCode/data/structure/HEG_ZG_run2/STRUCTURE_main_final_278_HEG_ZG-K10-2_f",NA,NA,NA,10,FALSE
"/Users/zacharygagnon/Desktop/BeechCode/data/structure/HEG_ZG_run2/STRUCTURE_main_final_278_HEG_ZG-K10-20_f",NA,NA,NA,10,FALSE
"/Users/zacharygagnon/Desktop/BeechCode/data/structure/HEG_ZG_run2/STRUCTURE_main_final_278_HEG_ZG-K10-3_f",NA,NA,NA,10,FALSE
"/Users/zacharygagnon/Desktop/BeechCode/data/structure/HEG_ZG_run2/STRUCTURE_main_final_278_HEG_ZG-K10-4_f",NA,NA,NA,10,FALSE
"/Users/zacharygagnon/Desktop/BeechCode/data/structure/HEG_ZG_run2/STRUCTURE_main_final_278_HEG_ZG-K10-5_f",NA,NA,NA,10,FALSE
"/Users/zacharygagnon/Desktop/BeechCode/data/structure/HEG_ZG_run2/STRUCTURE_main_final_278_HEG_ZG-K10-6_f",NA,NA,NA,10,FALSE
"/Users/zacharygagnon/Desktop/BeechCode/data/structure/HEG_ZG_run2/STRUCTURE_main_final_278_HEG_ZG-K10-7_f",NA,NA,NA,10,FALSE
"/Users/zacharygagnon/Desktop/BeechCode/data/structure/HEG_ZG_run2/STRUCTURE_main_final_278_HEG_ZG-K10-8_f",NA,NA,NA,10,FALSE
"/Users/zacharygagnon/Desktop/BeechCode/data/structure/HEG_ZG_run2/STRUCTURE_main_final_278_HEG_ZG-K10-9_f",NA,NA,NA,10,FALSE
"/Users/zacharygagnon/Desktop/BeechCode/data/structure/HEG_ZG_run2/STRUCTURE_main_final_278_HEG_ZG-K11-1_f",NA,NA,NA,11,FALSE
"/Users/zacharygagnon/Desktop/BeechCode/data/structure/HEG_ZG_run2/STRUCTURE_main_final_278_HEG_ZG-K11-10_f",NA,NA,NA,11,FALSE
"/Users/zacharygagnon/Desktop/BeechCode/data/structure/HEG_ZG_run2/STRUCTURE_main_final_278_HEG_ZG-K11-11_f",NA,NA,NA,11,FALSE
"/Users/zacharygagnon/Desktop/BeechCode/data/structure/HEG_ZG_run2/STRUCTURE_main_final_278_HEG_ZG-K11-12_f",NA,NA,NA,11,FALSE
"/Users/zacharygagnon/Desktop/BeechCode/data/structure/HEG_ZG_run2/STRUCTURE_main_final_278_HEG_ZG-K11-13_f",NA,NA,NA,11,FALSE
"/Users/zacharygagnon/Desktop/BeechCode/data/structure/HEG_ZG_run2/STRUCTURE_main_final_278_HEG_ZG-K11-14_f",NA,NA,NA,11,FALSE
"/Users/zacharygagnon/Desktop/BeechCode/data/structure/HEG_ZG_run2/STRUCTURE_main_final_278_HEG_ZG-K11-15_f",NA,NA,NA,11,FALSE
"/Users/zacharygagnon/Desktop/BeechCode/data/structure/HEG_ZG_run2/STRUCTURE_main_final_278_HEG_ZG-K11-16_f",NA,NA,NA,11,FALSE
"/Users/zacharygagnon/Desktop/BeechCode/data/structure/HEG_ZG_run2/STRUCTURE_main_final_278_HEG_ZG-K11-17_f",NA,NA,NA,11,FALSE
"/Users/zacharygagnon/Desktop/BeechCode/data/structure/HEG_ZG_run2/STRUCTURE_main_final_278_HEG_ZG-K11-18_f",NA,NA,NA,11,FALSE
"/Users/zacharygagnon/Desktop/BeechCode/data/structure/HEG_ZG_run2/STRUCTURE_main_final_278_HEG_ZG-K11-19_f",NA,NA,NA,11,FALSE
"/Users/zacharygagnon/Desktop/BeechCode/data/structure/HEG_ZG_run2/STRUCTURE_main_final_278_HEG_ZG-K11-2_f",NA,NA,NA,11,FALSE
"/Users/zacharygagnon/Desktop/BeechCode/data/structure/HEG_ZG_run2/STRUCTURE_main_final_278_HEG_ZG-K11-20_f",NA,NA,NA,11,FALSE
"/Users/zacharygagnon/Desktop/BeechCode/data/structure/HEG_ZG_run2/STRUCTURE_main_final_278_HEG_ZG-K11-3_f",NA,NA,NA,11,FALSE
"/Users/zacharygagnon/Desktop/BeechCode/data/structure/HEG_ZG_run2/STRUCTURE_main_final_278_HEG_ZG-K11-4_f",NA,NA,NA,11,FALSE
"/Users/zacharygagnon/Desktop/BeechCode/data/structure/HEG_ZG_run2/STRUCTURE_main_final_278_HEG_ZG-K11-5_f",NA,NA,NA,11,FALSE
"/Users/zacharygagnon/Desktop/BeechCode/data/structure/HEG_ZG_run2/STRUCTURE_main_final_278_HEG_ZG-K11-6_f",NA,NA,NA,11,FALSE
"/Users/zacharygagnon/Desktop/BeechCode/data/structure/HEG_ZG_run2/STRUCTURE_main_final_278_HEG_ZG-K11-7_f",NA,NA,NA,11,FALSE
"/Users/zacharygagnon/Desktop/BeechCode/data/structure/HEG_ZG_run2/STRUCTURE_main_final_278_HEG_ZG-K11-8_f",NA,NA,NA,11,FALSE
"/Users/zacharygagnon/Desktop/BeechCode/data/structure/HEG_ZG_run2/STRUCTURE_main_final_278_HEG_ZG-K11-9_f",NA,NA,NA,11,FALSE
"/Users/zacharygagnon/Desktop/BeechCode/data/structure/HEG_ZG_run2/STRUCTURE_main_final_278_HEG_ZG-K12-1_f",NA,NA,NA,12,FALSE
"/Users/zacharygagnon/Desktop/BeechCode/data/structure/HEG_ZG_run2/STRUCTURE_main_final_278_HEG_ZG-K12-10_f",NA,NA,NA,12,FALSE
"/Users/zacharygagnon/Desktop/BeechCode/data/structure/HEG_ZG_run2/STRUCTURE_main_final_278_HEG_ZG-K12-11_f",NA,NA,NA,12,FALSE
"/Users/zacharygagnon/Desktop/BeechCode/data/structure/HEG_ZG_run2/STRUCTURE_main_final_278_HEG_ZG-K12-12_f",NA,NA,NA,12,FALSE
"/Users/zacharygagnon/Desktop/BeechCode/data/structure/HEG_ZG_run2/STRUCTURE_main_final_278_HEG_ZG-K12-13_f",NA,NA,NA,12,FALSE
"/Users/zacharygagnon/Desktop/BeechCode/data/structure/HEG_ZG_run2/STRUCTURE_main_final_278_HEG_ZG-K12-14_f",NA,NA,NA,12,FALSE
"/Users/zacharygagnon/Desktop/BeechCode/data/structure/HEG_ZG_run2/STRUCTURE_main_final_278_HEG_ZG-K12-15_f",NA,NA,NA,12,FALSE
"/Users/zacharygagnon/Desktop/BeechCode/data/structure/HEG_ZG_run2/STRUCTURE_main_final_278_HEG_ZG-K12-16_f",NA,NA,NA,12,FALSE
"/Users/zacharygagnon/Desktop/BeechCode/data/structure/HEG_ZG_run2/STRUCTURE_main_final_278_HEG_ZG-K12-17_f",NA,NA,NA,12,FALSE
"/Users/zacharygagnon/Desktop/BeechCode/data/structure/HEG_ZG_run2/STRUCTURE_main_final_278_HEG_ZG-K12-18_f",NA,NA,NA,12,FALSE
"/Users/zacharygagnon/Desktop/BeechCode/data/structure/HEG_ZG_run2/STRUCTURE_main_final_278_HEG_ZG-K12-19_f",NA,NA,NA,12,FALSE
"/Users/zacharygagnon/Desktop/BeechCode/data/structure/HEG_ZG_run2/STRUCTURE_main_final_278_HEG_ZG-K12-2_f",NA,NA,NA,12,FALSE
"/Users/zacharygagnon/Desktop/BeechCode/data/structure/HEG_ZG_run2/STRUCTURE_main_final_278_HEG_ZG-K12-20_f",NA,NA,NA,12,FALSE
"/Users/zacharygagnon/Desktop/BeechCode/data/structure/HEG_ZG_run2/STRUCTURE_main_final_278_HEG_ZG-K12-3_f",NA,NA,NA,12,FALSE
"/Users/zacharygagnon/Desktop/BeechCode/data/structure/HEG_ZG_run2/STRUCTURE_main_final_278_HEG_ZG-K12-4_f",NA,NA,NA,12,FALSE
"/Users/zacharygagnon/Desktop/BeechCode/data/structure/HEG_ZG_run2/STRUCTURE_main_final_278_HEG_ZG-K12-5_f",NA,NA,NA,12,FALSE
"/Users/zacharygagnon/Desktop/BeechCode/data/structure/HEG_ZG_run2/STRUCTURE_main_final_278_HEG_ZG-K12-6_f",NA,NA,NA,12,FALSE
"/Users/zacharygagnon/Desktop/BeechCode/data/structure/HEG_ZG_run2/STRUCTURE_main_final_278_HEG_ZG-K12-7_f",NA,NA,NA,12,FALSE
"/Users/zacharygagnon/Desktop/BeechCode/data/structure/HEG_ZG_run2/STRUCTURE_main_final_278_HEG_ZG-K12-8_f",NA,NA,NA,12,FALSE
"/Users/zacharygagnon/Desktop/BeechCode/data/structure/HEG_ZG_run2/STRUCTURE_main_final_278_HEG_ZG-K12-9_f",NA,NA,NA,12,FALSE
"/Users/zacharygagnon/Desktop/BeechCode/data/structure/HEG_ZG_run2/STRUCTURE_main_final_278_HEG_ZG-K2-1_f",NA,NA,NA,2,FALSE
"/Users/zacharygagnon/Desktop/BeechCode/data/structure/HEG_ZG_run2/STRUCTURE_main_final_278_HEG_ZG-K2-10_f",NA,NA,NA,2,FALSE
"/Users/zacharygagnon/Desktop/BeechCode/data/structure/HEG_ZG_run2/STRUCTURE_main_final_278_HEG_ZG-K2-11_f",NA,NA,NA,2,FALSE
"/Users/zacharygagnon/Desktop/BeechCode/data/structure/HEG_ZG_run2/STRUCTURE_main_final_278_HEG_ZG-K2-12_f",NA,NA,NA,2,FALSE
"/Users/zacharygagnon/Desktop/BeechCode/data/structure/HEG_ZG_run2/STRUCTURE_main_final_278_HEG_ZG-K2-13_f",NA,NA,NA,2,FALSE
"/Users/zacharygagnon/Desktop/BeechCode/data/structure/HEG_ZG_run2/STRUCTURE_main_final_278_HEG_ZG-K2-14_f",NA,NA,NA,2,FALSE
"/Users/zacharygagnon/Desktop/BeechCode/data/structure/HEG_ZG_run2/STRUCTURE_main_final_278_HEG_ZG-K2-15_f",NA,NA,NA,2,FALSE
"/Users/zacharygagnon/Desktop/BeechCode/data/structure/HEG_ZG_run2/STRUCTURE_main_final_278_HEG_ZG-K2-16_f",NA,NA,NA,2,FALSE
"/Users/zacharygagnon/Desktop/BeechCode/data/structure/HEG_ZG_run2/STRUCTURE_main_final_278_HEG_ZG-K2-17_f",NA,NA,NA,2,FALSE
"/Users/zacharygagnon/Desktop/BeechCode/data/structure/HEG_ZG_run2/STRUCTURE_main_final_278_HEG_ZG-K2-18_f",NA,NA,NA,2,FALSE
"/Users/zacharygagnon/Desktop/BeechCode/data/structure/HEG_ZG_run2/STRUCTURE_main_final_278_HEG_ZG-K2-19_f",NA,NA,NA,2,FALSE
"/Users/zacharygagnon/Desktop/BeechCode/data/structure/HEG_ZG_run2/STRUCTURE_main_final_278_HEG_ZG-K2-2_f",NA,NA,NA,2,FALSE
"/Users/zacharygagnon/Desktop/BeechCode/data/structure/HEG_ZG_run2/STRUCTURE_main_final_278_HEG_ZG-K2-20_f",NA,NA,NA,2,FALSE
"/Users/zacharygagnon/Desktop/BeechCode/data/structure/HEG_ZG_run2/STRUCTURE_main_final_278_HEG_ZG-K2-3_f",NA,NA,NA,2,FALSE
"/Users/zacharygagnon/Desktop/BeechCode/data/structure/HEG_ZG_run2/STRUCTURE_main_final_278_HEG_ZG-K2-4_f",NA,NA,NA,2,FALSE
"/Users/zacharygagnon/Desktop/BeechCode/data/structure/HEG_ZG_run2/STRUCTURE_main_final_278_HEG_ZG-K2-5_f",NA,NA,NA,2,FALSE
"/Users/zacharygagnon/Desktop/BeechCode/data/structure/HEG_ZG_run2/STRUCTURE_main_final_278_HEG_ZG-K2-6_f",NA,NA,NA,2,FALSE
"/Users/zacharygagnon/Desktop/BeechCode/data/structure/HEG_ZG_run2/STRUCTURE_main_final_278_HEG_ZG-K2-7_f",NA,NA,NA,2,FALSE
"/Users/zacharygagnon/Desktop/BeechCode/data/structure/HEG_ZG_run2/STRUCTURE_main_final_278_HEG_ZG-K2-8_f",NA,NA,NA,2,FALSE
"/Users/zacharygagnon/Desktop/BeechCode/data/structure/HEG_ZG_run2/STRUCTURE_main_final_278_HEG_ZG-K2-9_f",NA,NA,NA,2,FALSE
"/Users/zacharygagnon/Desktop/BeechCode/data/structure/HEG_ZG_run2/STRUCTURE_main_final_278_HEG_ZG-K3-1_f",NA,NA,NA,3,FALSE
"/Users/zacharygagnon/Desktop/BeechCode/data/structure/HEG_ZG_run2/STRUCTURE_main_final_278_HEG_ZG-K3-10_f",NA,NA,NA,3,FALSE
"/Users/zacharygagnon/Desktop/BeechCode/data/structure/HEG_ZG_run2/STRUCTURE_main_final_278_HEG_ZG-K3-11_f",NA,NA,NA,3,FALSE
"/Users/zacharygagnon/Desktop/BeechCode/data/structure/HEG_ZG_run2/STRUCTURE_main_final_278_HEG_ZG-K3-12_f",NA,NA,NA,3,FALSE
"/Users/zacharygagnon/Desktop/BeechCode/data/structure/HEG_ZG_run2/STRUCTURE_main_final_278_HEG_ZG-K3-13_f",NA,NA,NA,3,FALSE
"/Users/zacharygagnon/Desktop/BeechCode/data/structure/HEG_ZG_run2/STRUCTURE_main_final_278_HEG_ZG-K3-14_f",NA,NA,NA,3,FALSE
"/Users/zacharygagnon/Desktop/BeechCode/data/structure/HEG_ZG_run2/STRUCTURE_main_final_278_HEG_ZG-K3-15_f",NA,NA,NA,3,FALSE
"/Users/zacharygagnon/Desktop/BeechCode/data/structure/HEG_ZG_run2/STRUCTURE_main_final_278_HEG_ZG-K3-16_f",NA,NA,NA,3,FALSE
"/Users/zacharygagnon/Desktop/BeechCode/data/structure/HEG_ZG_run2/STRUCTURE_main_final_278_HEG_ZG-K3-17_f",NA,NA,NA,3,FALSE
"/Users/zacharygagnon/Desktop/BeechCode/data/structure/HEG_ZG_run2/STRUCTURE_main_final_278_HEG_ZG-K3-18_f",NA,NA,NA,3,FALSE
"/Users/zacharygagnon/Desktop/BeechCode/data/structure/HEG_ZG_run2/STRUCTURE_main_final_278_HEG_ZG-K3-19_f",NA,NA,NA,3,FALSE
"/Users/zacharygagnon/Desktop/BeechCode/data/structure/HEG_ZG_run2/STRUCTURE_main_final_278_HEG_ZG-K3-2_f",NA,NA,NA,3,FALSE
"/Users/zacharygagnon/Desktop/BeechCode/data/structure/HEG_ZG_run2/STRUCTURE_main_final_278_HEG_ZG-K3-20_f",NA,NA,NA,3,FALSE
"/Users/zacharygagnon/Desktop/BeechCode/data/structure/HEG_ZG_run2/STRUCTURE_main_final_278_HEG_ZG-K3-3_f",NA,NA,NA,3,FALSE
"/Users/zacharygagnon/Desktop/BeechCode/data/structure/HEG_ZG_run2/STRUCTURE_main_final_278_HEG_ZG-K3-4_f",NA,NA,NA,3,FALSE
"/Users/zacharygagnon/Desktop/BeechCode/data/structure/HEG_ZG_run2/STRUCTURE_main_final_278_HEG_ZG-K3-5_f",NA,NA,NA,3,FALSE
"/Users/zacharygagnon/Desktop/BeechCode/data/structure/HEG_ZG_run2/STRUCTURE_main_final_278_HEG_ZG-K3-6_f",NA,NA,NA,3,FALSE
"/Users/zacharygagnon/Desktop/BeechCode/data/structure/HEG_ZG_run2/STRUCTURE_main_final_278_HEG_ZG-K3-7_f",NA,NA,NA,3,FALSE
"/Users/zacharygagnon/Desktop/BeechCode/data/structure/HEG_ZG_run2/STRUCTURE_main_final_278_HEG_ZG-K3-8_f",NA,NA,NA,3,FALSE
"/Users/zacharygagnon/Desktop/BeechCode/data/structure/HEG_ZG_run2/STRUCTURE_main_final_278_HEG_ZG-K3-9_f",NA,NA,NA,3,FALSE
"/Users/zacharygagnon/Desktop/BeechCode/data/structure/HEG_ZG_run2/STRUCTURE_main_final_278_HEG_ZG-K4-1_f",NA,NA,NA,4,FALSE
"/Users/zacharygagnon/Desktop/BeechCode/data/structure/HEG_ZG_run2/STRUCTURE_main_final_278_HEG_ZG-K4-10_f",NA,NA,NA,4,FALSE
"/Users/zacharygagnon/Desktop/BeechCode/data/structure/HEG_ZG_run2/STRUCTURE_main_final_278_HEG_ZG-K4-11_f",NA,NA,NA,4,FALSE
"/Users/zacharygagnon/Desktop/BeechCode/data/structure/HEG_ZG_run2/STRUCTURE_main_final_278_HEG_ZG-K4-12_f",NA,NA,NA,4,FALSE
"/Users/zacharygagnon/Desktop/BeechCode/data/structure/HEG_ZG_run2/STRUCTURE_main_final_278_HEG_ZG-K4-13_f",NA,NA,NA,4,FALSE
"/Users/zacharygagnon/Desktop/BeechCode/data/structure/HEG_ZG_run2/STRUCTURE_main_final_278_HEG_ZG-K4-14_f",NA,NA,NA,4,FALSE
"/Users/zacharygagnon/Desktop/BeechCode/data/structure/HEG_ZG_run2/STRUCTURE_main_final_278_HEG_ZG-K4-15_f",NA,NA,NA,4,FALSE
"/Users/zacharygagnon/Desktop/BeechCode/data/structure/HEG_ZG_run2/STRUCTURE_main_final_278_HEG_ZG-K4-16_f",NA,NA,NA,4,FALSE
"/Users/zacharygagnon/Desktop/BeechCode/data/structure/HEG_ZG_run2/STRUCTURE_main_final_278_HEG_ZG-K4-17_f",NA,NA,NA,4,FALSE
"/Users/zacharygagnon/Desktop/BeechCode/data/structure/HEG_ZG_run2/STRUCTURE_main_final_278_HEG_ZG-K4-18_f",NA,NA,NA,4,FALSE
"/Users/zacharygagnon/Desktop/BeechCode/data/structure/HEG_ZG_run2/STRUCTURE_main_final_278_HEG_ZG-K4-19_f",NA,NA,NA,4,FALSE
"/Users/zacharygagnon/Desktop/BeechCode/data/structure/HEG_ZG_run2/STRUCTURE_main_final_278_HEG_ZG-K4-2_f",NA,NA,NA,4,FALSE
"/Users/zacharygagnon/Desktop/BeechCode/data/structure/HEG_ZG_run2/STRUCTURE_main_final_278_HEG_ZG-K4-20_f",NA,NA,NA,4,FALSE
"/Users/zacharygagnon/Desktop/BeechCode/data/structure/HEG_ZG_run2/STRUCTURE_main_final_278_HEG_ZG-K4-3_f",NA,NA,NA,4,FALSE
"/Users/zacharygagnon/Desktop/BeechCode/data/structure/HEG_ZG_run2/STRUCTURE_main_final_278_HEG_ZG-K4-4_f",NA,NA,NA,4,FALSE
"/Users/zacharygagnon/Desktop/BeechCode/data/structure/HEG_ZG_run2/STRUCTURE_main_final_278_HEG_ZG-K4-5_f",NA,NA,NA,4,FALSE
"/Users/zacharygagnon/Desktop/BeechCode/data/structure/HEG_ZG_run2/STRUCTURE_main_final_278_HEG_ZG-K4-6_f",NA,NA,NA,4,FALSE
"/Users/zacharygagnon/Desktop/BeechCode/data/structure/HEG_ZG_run2/STRUCTURE_main_final_278_HEG_ZG-K4-7_f",NA,NA,NA,4,FALSE
"/Users/zacharygagnon/Desktop/BeechCode/data/structure/HEG_ZG_run2/STRUCTURE_main_final_278_HEG_ZG-K4-8_f",NA,NA,NA,4,FALSE
"/Users/zacharygagnon/Desktop/BeechCode/data/structure/HEG_ZG_run2/STRUCTURE_main_final_278_HEG_ZG-K4-9_f",NA,NA,NA,4,FALSE
"/Users/zacharygagnon/Desktop/BeechCode/data/structure/HEG_ZG_run2/STRUCTURE_main_final_278_HEG_ZG-K5-1_f",NA,NA,NA,5,FALSE
"/Users/zacharygagnon/Desktop/BeechCode/data/structure/HEG_ZG_run2/STRUCTURE_main_final_278_HEG_ZG-K5-10_f",NA,NA,NA,5,FALSE
"/Users/zacharygagnon/Desktop/BeechCode/data/structure/HEG_ZG_run2/STRUCTURE_main_final_278_HEG_ZG-K5-11_f",NA,NA,NA,5,FALSE
"/Users/zacharygagnon/Desktop/BeechCode/data/structure/HEG_ZG_run2/STRUCTURE_main_final_278_HEG_ZG-K5-12_f",NA,NA,NA,5,FALSE
"/Users/zacharygagnon/Desktop/BeechCode/data/structure/HEG_ZG_run2/STRUCTURE_main_final_278_HEG_ZG-K5-13_f",NA,NA,NA,5,FALSE
"/Users/zacharygagnon/Desktop/BeechCode/data/structure/HEG_ZG_run2/STRUCTURE_main_final_278_HEG_ZG-K5-14_f",NA,NA,NA,5,FALSE
"/Users/zacharygagnon/Desktop/BeechCode/data/structure/HEG_ZG_run2/STRUCTURE_main_final_278_HEG_ZG-K5-15_f",NA,NA,NA,5,FALSE
"/Users/zacharygagnon/Desktop/BeechCode/data/structure/HEG_ZG_run2/STRUCTURE_main_final_278_HEG_ZG-K5-16_f",NA,NA,NA,5,FALSE
"/Users/zacharygagnon/Desktop/BeechCode/data/structure/HEG_ZG_run2/STRUCTURE_main_final_278_HEG_ZG-K5-17_f",NA,NA,NA,5,FALSE
"/Users/zacharygagnon/Desktop/BeechCode/data/structure/HEG_ZG_run2/STRUCTURE_main_final_278_HEG_ZG-K5-18_f",NA,NA,NA,5,FALSE
"/Users/zacharygagnon/Desktop/BeechCode/data/structure/HEG_ZG_run2/STRUCTURE_main_final_278_HEG_ZG-K5-19_f",NA,NA,NA,5,FALSE
"/Users/zacharygagnon/Desktop/BeechCode/data/structure/HEG_ZG_run2/STRUCTURE_main_final_278_HEG_ZG-K5-2_f",NA,NA,NA,5,FALSE
"/Users/zacharygagnon/Desktop/BeechCode/data/structure/HEG_ZG_run2/STRUCTURE_main_final_278_HEG_ZG-K5-20_f",NA,NA,NA,5,FALSE
"/Users/zacharygagnon/Desktop/BeechCode/data/structure/HEG_ZG_run2/STRUCTURE_main_final_278_HEG_ZG-K5-3_f",NA,NA,NA,5,FALSE
"/Users/zacharygagnon/Desktop/BeechCode/data/structure/HEG_ZG_run2/STRUCTURE_main_final_278_HEG_ZG-K5-4_f",NA,NA,NA,5,FALSE
"/Users/zacharygagnon/Desktop/BeechCode/data/structure/HEG_ZG_run2/STRUCTURE_main_final_278_HEG_ZG-K5-5_f",NA,NA,NA,5,FALSE
"/Users/zacharygagnon/Desktop/BeechCode/data/structure/HEG_ZG_run2/STRUCTURE_main_final_278_HEG_ZG-K5-6_f",NA,NA,NA,5,FALSE
"/Users/zacharygagnon/Desktop/BeechCode/data/structure/HEG_ZG_run2/STRUCTURE_main_final_278_HEG_ZG-K5-7_f",NA,NA,NA,5,FALSE
"/Users/zacharygagnon/Desktop/BeechCode/data/structure/HEG_ZG_run2/STRUCTURE_main_final_278_HEG_ZG-K5-8_f",NA,NA,NA,5,FALSE
"/Users/zacharygagnon/Desktop/BeechCode/data/structure/HEG_ZG_run2/STRUCTURE_main_final_278_HEG_ZG-K5-9_f",NA,NA,NA,5,FALSE
"/Users/zacharygagnon/Desktop/BeechCode/data/structure/HEG_ZG_run2/STRUCTURE_main_final_278_HEG_ZG-K6-1_f",NA,NA,NA,6,FALSE
"/Users/zacharygagnon/Desktop/BeechCode/data/structure/HEG_ZG_run2/STRUCTURE_main_final_278_HEG_ZG-K6-10_f",NA,NA,NA,6,FALSE
"/Users/zacharygagnon/Desktop/BeechCode/data/structure/HEG_ZG_run2/STRUCTURE_main_final_278_HEG_ZG-K6-11_f",NA,NA,NA,6,FALSE
"/Users/zacharygagnon/Desktop/BeechCode/data/structure/HEG_ZG_run2/STRUCTURE_main_final_278_HEG_ZG-K6-12_f",NA,NA,NA,6,FALSE
"/Users/zacharygagnon/Desktop/BeechCode/data/structure/HEG_ZG_run2/STRUCTURE_main_final_278_HEG_ZG-K6-13_f",NA,NA,NA,6,FALSE
"/Users/zacharygagnon/Desktop/BeechCode/data/structure/HEG_ZG_run2/STRUCTURE_main_final_278_HEG_ZG-K6-14_f",NA,NA,NA,6,FALSE
"/Users/zacharygagnon/Desktop/BeechCode/data/structure/HEG_ZG_run2/STRUCTURE_main_final_278_HEG_ZG-K6-15_f",NA,NA,NA,6,FALSE
"/Users/zacharygagnon/Desktop/BeechCode/data/structure/HEG_ZG_run2/STRUCTURE_main_final_278_HEG_ZG-K6-16_f",NA,NA,NA,6,FALSE
"/Users/zacharygagnon/Desktop/BeechCode/data/structure/HEG_ZG_run2/STRUCTURE_main_final_278_HEG_ZG-K6-17_f",NA,NA,NA,6,FALSE
"/Users/zacharygagnon/Desktop/BeechCode/data/structure/HEG_ZG_run2/STRUCTURE_main_final_278_HEG_ZG-K6-18_f",NA,NA,NA,6,FALSE
"/Users/zacharygagnon/Desktop/BeechCode/data/structure/HEG_ZG_run2/STRUCTURE_main_final_278_HEG_ZG-K6-19_f",NA,NA,NA,6,FALSE
"/Users/zacharygagnon/Desktop/BeechCode/data/structure/HEG_ZG_run2/STRUCTURE_main_final_278_HEG_ZG-K6-2_f",NA,NA,NA,6,FALSE
"/Users/zacharygagnon/Desktop/BeechCode/data/structure/HEG_ZG_run2/STRUCTURE_main_final_278_HEG_ZG-K6-20_f",NA,NA,NA,6,FALSE
"/Users/zacharygagnon/Desktop/BeechCode/data/structure/HEG_ZG_run2/STRUCTURE_main_final_278_HEG_ZG-K6-3_f",NA,NA,NA,6,FALSE
"/Users/zacharygagnon/Desktop/BeechCode/data/structure/HEG_ZG_run2/STRUCTURE_main_final_278_HEG_ZG-K6-4_f",NA,NA,NA,6,FALSE
"/Users/zacharygagnon/Desktop/BeechCode/data/structure/HEG_ZG_run2/STRUCTURE_main_final_278_HEG_ZG-K6-5_f",NA,NA,NA,6,FALSE
"/Users/zacharygagnon/Desktop/BeechCode/data/structure/HEG_ZG_run2/STRUCTURE_main_final_278_HEG_ZG-K6-6_f",NA,NA,NA,6,FALSE
"/Users/zacharygagnon/Desktop/BeechCode/data/structure/HEG_ZG_run2/STRUCTURE_main_final_278_HEG_ZG-K6-7_f",NA,NA,NA,6,FALSE
"/Users/zacharygagnon/Desktop/BeechCode/data/structure/HEG_ZG_run2/STRUCTURE_main_final_278_HEG_ZG-K6-8_f",NA,NA,NA,6,FALSE
"/Users/zacharygagnon/Desktop/BeechCode/data/structure/HEG_ZG_run2/STRUCTURE_main_final_278_HEG_ZG-K6-9_f",NA,NA,NA,6,FALSE
"/Users/zacharygagnon/Desktop/BeechCode/data/structure/HEG_ZG_run2/STRUCTURE_main_final_278_HEG_ZG-K7-1_f",NA,NA,NA,7,FALSE
"/Users/zacharygagnon/Desktop/BeechCode/data/structure/HEG_ZG_run2/STRUCTURE_main_final_278_HEG_ZG-K7-10_f",NA,NA,NA,7,FALSE
"/Users/zacharygagnon/Desktop/BeechCode/data/structure/HEG_ZG_run2/STRUCTURE_main_final_278_HEG_ZG-K7-11_f",NA,NA,NA,7,FALSE
"/Users/zacharygagnon/Desktop/BeechCode/data/structure/HEG_ZG_run2/STRUCTURE_main_final_278_HEG_ZG-K7-12_f",NA,NA,NA,7,FALSE
"/Users/zacharygagnon/Desktop/BeechCode/data/structure/HEG_ZG_run2/STRUCTURE_main_final_278_HEG_ZG-K7-13_f",NA,NA,NA,7,FALSE
"/Users/zacharygagnon/Desktop/BeechCode/data/structure/HEG_ZG_run2/STRUCTURE_main_final_278_HEG_ZG-K7-14_f",NA,NA,NA,7,FALSE
"/Users/zacharygagnon/Desktop/BeechCode/data/structure/HEG_ZG_run2/STRUCTURE_main_final_278_HEG_ZG-K7-15_f",NA,NA,NA,7,FALSE
"/Users/zacharygagnon/Desktop/BeechCode/data/structure/HEG_ZG_run2/STRUCTURE_main_final_278_HEG_ZG-K7-16_f",NA,NA,NA,7,FALSE
"/Users/zacharygagnon/Desktop/BeechCode/data/structure/HEG_ZG_run2/STRUCTURE_main_final_278_HEG_ZG-K7-17_f",NA,NA,NA,7,FALSE
"/Users/zacharygagnon/Desktop/BeechCode/data/structure/HEG_ZG_run2/STRUCTURE_main_final_278_HEG_ZG-K7-18_f",NA,NA,NA,7,FALSE
"/Users/zacharygagnon/Desktop/BeechCode/data/structure/HEG_ZG_run2/STRUCTURE_main_final_278_HEG_ZG-K7-19_f",NA,NA,NA,7,FALSE
"/Users/zacharygagnon/Desktop/BeechCode/data/structure/HEG_ZG_run2/STRUCTURE_main_final_278_HEG_ZG-K7-2_f",NA,NA,NA,7,FALSE
"/Users/zacharygagnon/Desktop/BeechCode/data/structure/HEG_ZG_run2/STRUCTURE_main_final_278_HEG_ZG-K7-20_f",NA,NA,NA,7,FALSE
"/Users/zacharygagnon/Desktop/BeechCode/data/structure/HEG_ZG_run2/STRUCTURE_main_final_278_HEG_ZG-K7-3_f",NA,NA,NA,7,FALSE
"/Users/zacharygagnon/Desktop/BeechCode/data/structure/HEG_ZG_run2/STRUCTURE_main_final_278_HEG_ZG-K7-4_f",NA,NA,NA,7,FALSE
"/Users/zacharygagnon/Desktop/BeechCode/data/structure/HEG_ZG_run2/STRUCTURE_main_final_278_HEG_ZG-K7-5_f",NA,NA,NA,7,FALSE
"/Users/zacharygagnon/Desktop/BeechCode/data/structure/HEG_ZG_run2/STRUCTURE_main_final_278_HEG_ZG-K7-6_f",NA,NA,NA,7,FALSE
"/Users/zacharygagnon/Desktop/BeechCode/data/structure/HEG_ZG_run2/STRUCTURE_main_final_278_HEG_ZG-K7-7_f",NA,NA,NA,7,FALSE
"/Users/zacharygagnon/Desktop/BeechCode/data/structure/HEG_ZG_run2/STRUCTURE_main_final_278_HEG_ZG-K7-8_f",NA,NA,NA,7,FALSE
"/Users/zacharygagnon/Desktop/BeechCode/data/structure/HEG_ZG_run2/STRUCTURE_main_final_278_HEG_ZG-K7-9_f",NA,NA,NA,7,FALSE
"/Users/zacharygagnon/Desktop/BeechCode/data/structure/HEG_ZG_run2/STRUCTURE_main_final_278_HEG_ZG-K8-1_f",NA,NA,NA,8,FALSE
"/Users/zacharygagnon/Desktop/BeechCode/data/structure/HEG_ZG_run2/STRUCTURE_main_final_278_HEG_ZG-K8-10_f",NA,NA,NA,8,FALSE
"/Users/zacharygagnon/Desktop/BeechCode/data/structure/HEG_ZG_run2/STRUCTURE_main_final_278_HEG_ZG-K8-11_f",NA,NA,NA,8,FALSE
"/Users/zacharygagnon/Desktop/BeechCode/data/structure/HEG_ZG_run2/STRUCTURE_main_final_278_HEG_ZG-K8-12_f",NA,NA,NA,8,FALSE
"/Users/zacharygagnon/Desktop/BeechCode/data/structure/HEG_ZG_run2/STRUCTURE_main_final_278_HEG_ZG-K8-13_f",NA,NA,NA,8,FALSE
"/Users/zacharygagnon/Desktop/BeechCode/data/structure/HEG_ZG_run2/STRUCTURE_main_final_278_HEG_ZG-K8-14_f",NA,NA,NA,8,FALSE
"/Users/zacharygagnon/Desktop/BeechCode/data/structure/HEG_ZG_run2/STRUCTURE_main_final_278_HEG_ZG-K8-15_f",NA,NA,NA,8,FALSE
"/Users/zacharygagnon/Desktop/BeechCode/data/structure/HEG_ZG_run2/STRUCTURE_main_final_278_HEG_ZG-K8-16_f",NA,NA,NA,8,FALSE
"/Users/zacharygagnon/Desktop/BeechCode/data/structure/HEG_ZG_run2/STRUCTURE_main_final_278_HEG_ZG-K8-17_f",NA,NA,NA,8,FALSE
"/Users/zacharygagnon/Desktop/BeechCode/data/structure/HEG_ZG_run2/STRUCTURE_main_final_278_HEG_ZG-K8-18_f",NA,NA,NA,8,FALSE
"/Users/zacharygagnon/Desktop/BeechCode/data/structure/HEG_ZG_run2/STRUCTURE_main_final_278_HEG_ZG-K8-19_f",NA,NA,NA,8,FALSE
"/Users/zacharygagnon/Desktop/BeechCode/data/structure/HEG_ZG_run2/STRUCTURE_main_final_278_HEG_ZG-K8-2_f",NA,NA,NA,8,FALSE
"/Users/zacharygagnon/Desktop/BeechCode/data/structure/HEG_ZG_run2/STRUCTURE_main_final_278_HEG_ZG-K8-20_f",NA,NA,NA,8,FALSE
"/Users/zacharygagnon/Desktop/BeechCode/data/structure/HEG_ZG_run2/STRUCTURE_main_final_278_HEG_ZG-K8-3_f",NA,NA,NA,8,FALSE
"/Users/zacharygagnon/Desktop/BeechCode/data/structure/HEG_ZG_run2/STRUCTURE_main_final_278_HEG_ZG-K8-4_f",NA,NA,NA,8,FALSE
"/Users/zacharygagnon/Desktop/BeechCode/data/structure/HEG_ZG_run2/STRUCTURE_main_final_278_HEG_ZG-K8-5_f",NA,NA,NA,8,FALSE
"/Users/zacharygagnon/Desktop/BeechCode/data/structure/HEG_ZG_run2/STRUCTURE_main_final_278_HEG_ZG-K8-6_f",NA,NA,NA,8,FALSE
"/Users/zacharygagnon/Desktop/BeechCode/data/structure/HEG_ZG_run2/STRUCTURE_main_final_278_HEG_ZG-K8-7_f",NA,NA,NA,8,FALSE
"/Users/zacharygagnon/Desktop/BeechCode/data/structure/HEG_ZG_run2/STRUCTURE_main_final_278_HEG_ZG-K8-8_f",NA,NA,NA,8,FALSE
"/Users/zacharygagnon/Desktop/BeechCode/data/structure/HEG_ZG_run2/STRUCTURE_main_final_278_HEG_ZG-K8-9_f",NA,NA,NA,8,FALSE
"/Users/zacharygagnon/Desktop/BeechCode/data/structure/HEG_ZG_run2/STRUCTURE_main_final_278_HEG_ZG-K9-1_f",NA,NA,NA,9,FALSE
"/Users/zacharygagnon/Desktop/BeechCode/data/structure/HEG_ZG_run2/STRUCTURE_main_final_278_HEG_ZG-K9-10_f",NA,NA,NA,9,FALSE
"/Users/zacharygagnon/Desktop/BeechCode/data/structure/HEG_ZG_run2/STRUCTURE_main_final_278_HEG_ZG-K9-11_f",NA,NA,NA,9,FALSE
"/Users/zacharygagnon/Desktop/BeechCode/data/structure/HEG_ZG_run2/STRUCTURE_main_final_278_HEG_ZG-K9-12_f",NA,NA,NA,9,FALSE
"/Users/zacharygagnon/Desktop/BeechCode/data/structure/HEG_ZG_run2/STRUCTURE_main_final_278_HEG_ZG-K9-13_f",NA,NA,NA,9,FALSE
"/Users/zacharygagnon/Desktop/BeechCode/data/structure/HEG_ZG_run2/STRUCTURE_main_final_278_HEG_ZG-K9-14_f",NA,NA,NA,9,FALSE
"/Users/zacharygagnon/Desktop/BeechCode/data/structure/HEG_ZG_run2/STRUCTURE_main_final_278_HEG_ZG-K9-15_f",NA,NA,NA,9,FALSE
"/Users/zacharygagnon/Desktop/BeechCode/data/structure/HEG_ZG_run2/STRUCTURE_main_final_278_HEG_ZG-K9-16_f",NA,NA,NA,9,FALSE
"/Users/zacharygagnon/Desktop/BeechCode/data/structure/HEG_ZG_run2/STRUCTURE_main_final_278_HEG_ZG-K9-17_f",NA,NA,NA,9,FALSE
"/Users/zacharygagnon/Desktop/BeechCode/data/structure/HEG_ZG_run2/STRUCTURE_main_final_278_HEG_ZG-K9-18_f",NA,NA,NA,9,FALSE
"/Users/zacharygagnon/Desktop/BeechCode/data/structure/HEG_ZG_run2/STRUCTURE_main_final_278_HEG_ZG-K9-19_f",NA,NA,NA,9,FALSE
"/Users/zacharygagnon/Desktop/BeechCode/data/structure/HEG_ZG_run2/STRUCTURE_main_final_278_HEG_ZG-K9-2_f",NA,NA,NA,9,FALSE
"/Users/zacharygagnon/Desktop/BeechCode/data/structure/HEG_ZG_run2/STRUCTURE_main_final_278_HEG_ZG-K9-20_f",NA,NA,NA,9,FALSE
"/Users/zacharygagnon/Desktop/BeechCode/data/structure/HEG_ZG_run2/STRUCTURE_main_final_278_HEG_ZG-K9-3_f",NA,NA,NA,9,FALSE
"/Users/zacharygagnon/Desktop/BeechCode/data/structure/HEG_ZG_run2/STRUCTURE_main_final_278_HEG_ZG-K9-4_f",NA,NA,NA,9,FALSE
"/Users/zacharygagnon/Desktop/BeechCode/data/structure/HEG_ZG_run2/STRUCTURE_main_final_278_HEG_ZG-K9-5_f",NA,NA,NA,9,FALSE
"/Users/zacharygagnon/Desktop/BeechCode/data/structure/HEG_ZG_run2/STRUCTURE_main_final_278_HEG_ZG-K9-6_f",NA,NA,NA,9,FALSE
"/Users/zacharygagnon/Desktop/BeechCode/data/structure/HEG_ZG_run2/STRUCTURE_main_final_278_HEG_ZG-K9-7_f",NA,NA,NA,9,FALSE
"/Users/zacharygagnon/Desktop/BeechCode/data/structure/HEG_ZG_run2/STRUCTURE_main_final_278_HEG_ZG-K9-8_f",NA,NA,NA,9,FALSE
"/Users/zacharygagnon/Desktop/BeechCode/data/structure/HEG_ZG_run2/STRUCTURE_main_final_278_HEG_ZG-K9-9_f",NA,NA,NA,9,FALSE
