station_name,station_id,station_operator,prov,lat,lon,elev,climate_id,WMO_id,TC_id,date,year,month,day,qual,cool_deg_days,cool_deg_days_flag,dir_max_gust,dir_max_gust_flag,heat_deg_days,heat_deg_days_flag,max_temp,max_temp_flag,mean_temp,mean_temp_flag,min_temp,min_temp_flag,snow_grnd,snow_grnd_flag,spd_max_gust,spd_max_gust_flag,total_precip,total_precip_flag,total_rain,total_rain_flag,total_snow,total_snow_flag,cluster,cluster_station,target_climate_id
TORONTO,5051,,ON,43.67,-79.4,112.5,6158350,71266,,1975-01-15,1975,01,15,,0,,,,23.3,,-2.2,,-5.3,,-8.3,,0,T,,,0.5,,0,,1,,southern,Notre-Dame-de-la-Paix,7035666
TORONTO,5051,,ON,43.67,-79.4,112.5,6158350,71266,,1975-01-16,1975,01,16,,0,,,,21.6,,-1.1,,-3.6,,-6.1,,0,T,,,0.8,,0,,1.5,,southern,Notre-Dame-de-la-Paix,7035666
TORONTO,5051,,ON,43.67,-79.4,112.5,6158350,71266,,1975-01-17,1975,01,17,,0,,,,23,,1.1,,-5,,-11.1,,3,,,,1,,0,,1,,southern,Notre-Dame-de-la-Paix,7035666
TORONTO,5051,,ON,43.67,-79.4,112.5,6158350,71266,,1975-01-18,1975,01,18,,0,,,,17.7,,2.8,,0.3,,-2.2,,3,,,,4.6,,1,,4.6,,southern,Notre-Dame-de-la-Paix,7035666
TORONTO,5051,,ON,43.67,-79.4,112.5,6158350,71266,,1975-01-19,1975,01,19,,0,,,,20.8,,2.8,,-2.8,,-8.3,,0,T,,,0,T,0,,0,T,southern,Notre-Dame-de-la-Paix,7035666
TORONTO,5051,,ON,43.67,-79.4,112.5,6158350,71266,,1975-01-20,1975,01,20,,0,,,,29.7,,-3.3,,-11.7,,-20,,0,T,,,0,T,0,,0,T,southern,Notre-Dame-de-la-Paix,7035666
TORONTO,5051,,ON,43.67,-79.4,112.5,6158350,71266,,1975-01-21,1975,01,21,,0,,,,21.6,,2.2,,-3.6,,-9.4,,0,,,,0,,0,,0,,southern,Notre-Dame-de-la-Paix,7035666
TORONTO,5051,,ON,43.67,-79.4,112.5,6158350,71266,,1975-01-22,1975,01,22,,0,,,,28,,-7.8,,-10,,-12.2,,0,,,,0,,0,,0,,southern,Notre-Dame-de-la-Paix,7035666
TORONTO,5051,,ON,43.67,-79.4,112.5,6158350,71266,,1975-01-23,1975,01,23,,0,,,,22.7,,1.7,,-4.7,,-11.1,,0,,,,0,,0,,0,,southern,Notre-Dame-de-la-Paix,7035666
TORONTO,5051,,ON,43.67,-79.4,112.5,6158350,71266,,1975-01-24,1975,01,24,,0,,,,16,,3.9,,2,,0,,0,,,,0.8,,0.8,,0,T,southern,Notre-Dame-de-la-Paix,7035666
TORONTO,5051,,ON,43.67,-79.4,112.5,6158350,71266,,1975-01-25,1975,01,25,,0,,,,14.7,,4.4,,3.3,,2.2,,0,,,,13.2,,13.2,,0,T,southern,Notre-Dame-de-la-Paix,7035666
TORONTO,5051,,ON,43.67,-79.4,112.5,6158350,71266,,1975-01-26,1975,01,26,,0,,,,19.1,,1.7,,-1.1,,-3.9,,0,T,,,0,,0,,0,,southern,Notre-Dame-de-la-Paix,7035666
TORONTO,5051,,ON,43.67,-79.4,112.5,6158350,71266,,1975-01-27,1975,01,27,,0,,,,22.2,,-1.1,,-4.2,,-7.2,,0,,,,0,T,0,,0,T,southern,Notre-Dame-de-la-Paix,7035666
TORONTO,5051,,ON,43.67,-79.4,112.5,6158350,71266,,1975-01-28,1975,01,28,,0,,,,18,,2.8,,0,,-2.8,,0,,,,11.2,,11.2,,0,,southern,Notre-Dame-de-la-Paix,7035666
TORONTO,5051,,ON,43.67,-79.4,112.5,6158350,71266,,1975-01-29,1975,01,29,,0,,,,13.5,,8.3,,4.5,,0.6,,0,,,,2.3,,2.3,,0,T,southern,Notre-Dame-de-la-Paix,7035666
TORONTO,5051,,ON,43.67,-79.4,112.5,6158350,71266,,1975-01-30,1975,01,30,,0,,,,23.6,,-2.2,,-5.6,,-8.9,,0,,,,0,T,0,,0,T,southern,Notre-Dame-de-la-Paix,7035666
TORONTO,5051,,ON,43.67,-79.4,112.5,6158350,71266,,1975-01-31,1975,01,31,,0,,,,21.7,,-0.6,,-3.7,,-6.7,,0,T,,,0.3,,0,,0.3,,southern,Notre-Dame-de-la-Paix,7035666
TORONTO,5051,,ON,43.67,-79.4,112.5,6158350,71266,,1975-02-01,1975,02,01,,0,,,,21.7,,-0.6,,-3.7,,-6.7,,0,,,,0,,0,,0,,southern,Notre-Dame-de-la-Paix,7035666
TORONTO,5051,,ON,43.67,-79.4,112.5,6158350,71266,,1975-02-02,1975,02,02,,0,,,,21.6,,0,,-3.6,,-7.2,,0,,,,0,T,0,,0,T,southern,Notre-Dame-de-la-Paix,7035666
TORONTO,5051,,ON,43.67,-79.4,112.5,6158350,71266,,1975-02-03,1975,02,03,,0,,,,23.3,,-3.3,,-5.3,,-7.2,,0,,,,0,T,0,,0,T,southern,Notre-Dame-de-la-Paix,7035666
TORONTO,5051,,ON,43.67,-79.4,112.5,6158350,71266,,1975-02-04,1975,02,04,,0,,,,23.6,,-0.6,,-5.6,,-10.6,,0,,,,0.3,,0,,0.5,,southern,Notre-Dame-de-la-Paix,7035666
TORONTO,5051,,ON,43.67,-79.4,112.5,6158350,71266,,1975-02-05,1975,02,05,,0,,,,20.5,,-0.6,,-2.5,,-4.4,,0,T,,,5.6,,0,,6.4,,southern,Notre-Dame-de-la-Paix,7035666
TORONTO,5051,,ON,43.67,-79.4,112.5,6158350,71266,,1975-02-06,1975,02,06,,0,,,,19.9,,0.6,,-1.9,,-4.4,,5,,,,0.3,,0,,0.3,,southern,Notre-Dame-de-la-Paix,7035666
TORONTO,5051,,ON,43.67,-79.4,112.5,6158350,71266,,1975-02-07,1975,02,07,,0,,,,23.3,,-3.3,,-5.3,,-7.2,,5,,,,0,T,0,,0,T,southern,Notre-Dame-de-la-Paix,7035666
TORONTO,5051,,ON,43.67,-79.4,112.5,6158350,71266,,1975-02-08,1975,02,08,,0,,,,23.6,,-3.3,,-5.6,,-7.8,,5,,,,0,T,0,,0,T,southern,Notre-Dame-de-la-Paix,7035666
TORONTO,5051,,ON,43.67,-79.4,112.5,6158350,71266,,1975-02-09,1975,02,09,,0,,,,27.5,,-6.1,,-9.5,,-12.8,,5,,,,0,T,0,,0,T,southern,Notre-Dame-de-la-Paix,7035666
TORONTO,5051,,ON,43.67,-79.4,112.5,6158350,71266,,1975-02-10,1975,02,10,,0,,,,26.9,,-4.4,,-8.9,,-13.3,,3,,,,0.5,,0,,0.8,,southern,Notre-Dame-de-la-Paix,7035666
TORONTO,5051,,ON,43.67,-79.4,112.5,6158350,71266,,1975-02-11,1975,02,11,,0,,,,23.9,,-3.9,,-5.9,,-7.8,,3,,,,2.3,,0,,3.8,,southern,Notre-Dame-de-la-Paix,7035666
TORONTO,5051,,ON,43.67,-79.4,112.5,6158350,71266,,1975-02-12,1975,02,12,,0,,,,23.6,,-2.8,,-5.6,,-8.3,,8,,,,1.5,,0,,4.6,,southern,Notre-Dame-de-la-Paix,7035666
TORONTO,5051,,ON,43.67,-79.4,112.5,6158350,71266,,1975-02-13,1975,02,13,,0,,,,24.1,,-2.8,,-6.1,,-9.4,,10,,,,0.3,,0,,0.5,,southern,Notre-Dame-de-la-Paix,7035666
TORONTO,5051,,ON,43.67,-79.4,112.5,6158350,71266,,1975-02-14,1975,02,14,,0,,,,21.1,,0,,-3.1,,-6.1,,8,,,,0,T,0,T,0,T,southern,Notre-Dame-de-la-Paix,7035666
TORONTO,5051,,ON,43.67,-79.4,112.5,6158350,71266,,1975-02-15,1975,02,15,,0,,,,18.8,,0.6,,-0.8,,-2.2,,8,,,,6.9,,0.3,,6.1,,southern,Notre-Dame-de-la-Paix,7035666
TORONTO,5051,,ON,43.67,-79.4,112.5,6158350,71266,,1975-02-16,1975,02,16,,0,,,,18.3,,1.1,,-0.3,,-1.7,,10,,,,0,T,0,,0,T,southern,Notre-Dame-de-la-Paix,7035666
TORONTO,5051,,ON,43.67,-79.4,112.5,6158350,71266,,1975-02-17,1975,02,17,,0,,,,17.7,,4.4,,0.3,,-3.9,,10,,,,8.9,,8.9,,0,,southern,Notre-Dame-de-la-Paix,7035666
TORONTO,5051,,ON,43.67,-79.4,112.5,6158350,71266,,1975-02-18,1975,02,18,,0,,,,15.7,,2.8,,2.3,,1.7,,0,T,,,5.1,,0,T,4.3,,southern,Notre-Dame-de-la-Paix,7035666
TORONTO,5051,,ON,43.67,-79.4,112.5,6158350,71266,,1975-02-19,1975,02,19,,0,,,,16.3,,3.3,,1.7,,0,,3,,,,0,T,0,,0,T,southern,Notre-Dame-de-la-Paix,7035666
TORONTO,5051,,ON,43.67,-79.4,112.5,6158350,71266,,1975-02-20,1975,02,20,,0,,,,17.2,,2.2,,0.8,,-0.6,,0,T,,,0,T,0,,0,T,southern,Notre-Dame-de-la-Paix,7035666
TORONTO,5051,,ON,43.67,-79.4,112.5,6158350,71266,,1975-02-21,1975,02,21,,0,,,,14.9,,7.8,,3.1,,-1.7,,0,T,,,0,,0,,0,,southern,Notre-Dame-de-la-Paix,7035666
TORONTO,5051,,ON,43.67,-79.4,112.5,6158350,71266,,1975-02-22,1975,02,22,,0,,,,11.9,,10,,6.1,,2.2,,0,,,,4.6,,4.6,,0,,southern,Notre-Dame-de-la-Paix,7035666
TORONTO,5051,,ON,43.67,-79.4,112.5,6158350,71266,,1975-02-23,1975,02,23,,0,,,,14.9,,5,,3.1,,1.1,,0,,,,10.7,,10.7,,0,,southern,Notre-Dame-de-la-Paix,7035666
TORONTO,5051,,ON,43.67,-79.4,112.5,6158350,71266,,1975-02-24,1975,02,24,,0,,,,13.5,,5.6,,4.5,,3.3,,0,,,,21.3,,21.3,,0,T,southern,Notre-Dame-de-la-Paix,7035666
TORONTO,5051,,ON,43.67,-79.4,112.5,6158350,71266,,1975-02-25,1975,02,25,,0,,,,16.6,,2.8,,1.4,,0,,0,,,,1,,0.3,,0.8,,southern,Notre-Dame-de-la-Paix,7035666
TORONTO,5051,,ON,43.67,-79.4,112.5,6158350,71266,,1975-02-26,1975,02,26,,0,,,,16,,3.3,,2,,0.6,,0,T,,,0,T,0,,0,T,southern,Notre-Dame-de-la-Paix,7035666
TORONTO,5051,,ON,43.67,-79.4,112.5,6158350,71266,,1975-02-27,1975,02,27,,0,,,,19.4,,0.6,,-1.4,,-3.3,,0,T,,,0,T,0,,0,T,southern,Notre-Dame-de-la-Paix,7035666
TORONTO,5051,,ON,43.67,-79.4,112.5,6158350,71266,,1975-02-28,1975,02,28,,0,,,,17.7,,2.8,,0.3,,-2.2,,0,,,,1,,0,,1,,southern,Notre-Dame-de-la-Paix,7035666
TORONTO,5051,,ON,43.67,-79.4,112.5,6158350,71266,,1975-03-01,1975,03,01,,0,,,,20.5,,0,,-2.5,,-5,,0,T,,,0,T,0,,0,T,southern,Notre-Dame-de-la-Paix,7035666
TORONTO,5051,,ON,43.67,-79.4,112.5,6158350,71266,,1975-03-02,1975,03,02,,0,,,,21.1,,-1.1,,-3.1,,-5,,0,T,,,0,T,0,,0,T,southern,Notre-Dame-de-la-Paix,7035666
TORONTO,5051,,ON,43.67,-79.4,112.5,6158350,71266,,1975-03-03,1975,03,03,,0,,,,24.9,,-4.4,,-6.9,,-9.4,,0,T,,,0,T,0,,0,T,southern,Notre-Dame-de-la-Paix,7035666
TORONTO,5051,,ON,43.67,-79.4,112.5,6158350,71266,,1975-03-04,1975,03,04,,0,,,,22.2,,0,,-4.2,,-8.3,,0,,,,0,,0,,0,,southern,Notre-Dame-de-la-Paix,7035666
TORONTO,5051,,ON,43.67,-79.4,112.5,6158350,71266,,1975-03-05,1975,03,05,,0,,,,18,,3.9,,0,,-3.9,,0,,,,3,,0,T,3,,southern,Notre-Dame-de-la-Paix,7035666
TORONTO,5051,,ON,43.67,-79.4,112.5,6158350,71266,,1975-03-06,1975,03,06,,0,,,,17.7,,2.8,,0.3,,-2.2,,3,,,,0,,0,,0,,southern,Notre-Dame-de-la-Paix,7035666
TORONTO,5051,,ON,43.67,-79.4,112.5,6158350,71266,,1975-03-07,1975,03,07,,0,,,,17.2,,2.2,,0.8,,-0.6,,0,T,,,13.7,,0,,13.7,,southern,Notre-Dame-de-la-Paix,7035666
TORONTO,5051,,ON,43.67,-79.4,112.5,6158350,71266,,1975-03-08,1975,03,08,,0,,,,26.9,,-7.2,,-8.9,,-10.6,,8,,,,0,,0,,0,,southern,Notre-Dame-de-la-Paix,7035666
TORONTO,5051,,ON,43.67,-79.4,112.5,6158350,71266,,1975-03-09,1975,03,09,,0,,,,24.1,,-1.1,,-6.1,,-11.1,,8,,,,0,,0,,0,,southern,Notre-Dame-de-la-Paix,7035666
TORONTO,5051,,ON,43.67,-79.4,112.5,6158350,71266,,1975-03-10,1975,03,10,,0,,,,21.4,,-1.1,,-3.4,,-5.6,,8,,,,0,T,0,,0,T,southern,Notre-Dame-de-la-Paix,7035666
TORONTO,5051,,ON,43.67,-79.4,112.5,6158350,71266,,1975-03-11,1975,03,11,,0,,,,18.6,,2.8,,-0.6,,-3.9,,5,,,,0.3,,0.3,,0,,southern,Notre-Dame-de-la-Paix,7035666
TORONTO,5051,,ON,43.67,-79.4,112.5,6158350,71266,,1975-03-12,1975,03,12,,0,,,,14.7,,7.2,,3.3,,-0.6,,0,T,,,0.8,,0.8,,0,T,southern,Notre-Dame-de-la-Paix,7035666
TORONTO,5051,,ON,43.67,-79.4,112.5,6158350,71266,,1975-03-13,1975,03,13,,0,,,,18.6,,1.1,,-0.6,,-2.2,,0,T,,,0,T,0,,0,T,southern,Notre-Dame-de-la-Paix,7035666
TORONTO,5051,,ON,43.67,-79.4,112.5,6158350,71266,,1975-03-14,1975,03,14,,0,,,,22.5,,-2.2,,-4.5,,-6.7,,0,T,,,7.1,,0,,7.9,,southern,Notre-Dame-de-la-Paix,7035666
TORONTO,5051,,ON,43.67,-79.4,112.5,6158350,71266,,1975-03-15,1975,03,15,,0,,,,19.2,,4.4,,-1.2,,-6.7,,8,,,,0,,0,,0,,southern,Notre-Dame-de-la-Paix,7035666
TORONTO,5051,,ON,43.67,-79.4,112.5,6158350,71266,,1975-03-16,1975,03,16,,0,,,,15.2,,6.7,,2.8,,-1.1,,0,T,,,0,,0,,0,,southern,Notre-Dame-de-la-Paix,7035666
TORONTO,5051,,ON,43.67,-79.4,112.5,6158350,71266,,1975-03-17,1975,03,17,,0,,,,14.1,,6.1,,3.9,,1.7,,0,,,,0,,0,,0,,southern,Notre-Dame-de-la-Paix,7035666
TORONTO,5051,,ON,43.67,-79.4,112.5,6158350,71266,,1975-03-18,1975,03,18,,0,,,,12.1,,10,,5.9,,1.7,,0,,,,5.1,,5.1,,0,,southern,Notre-Dame-de-la-Paix,7035666
TORONTO,5051,,ON,43.67,-79.4,112.5,6158350,71266,,1975-03-19,1975,03,19,,0,,,,12.4,,7.2,,5.6,,3.9,,0,,,,15.5,,15.5,,0,,southern,Notre-Dame-de-la-Paix,7035666
TORONTO,5051,,ON,43.67,-79.4,112.5,6158350,71266,,1975-03-20,1975,03,20,,0,,,,13.5,,6.7,,4.5,,2.2,,0,,,,0,,0,,0,,southern,Notre-Dame-de-la-Paix,7035666
TORONTO,5051,,ON,43.67,-79.4,112.5,6158350,71266,,1975-03-21,1975,03,21,,0,,,,19.1,,2.8,,-1.1,,-5,,0,,,,0,T,0,T,0,,southern,Notre-Dame-de-la-Paix,7035666
TORONTO,5051,,ON,43.67,-79.4,112.5,6158350,71266,,1975-03-22,1975,03,22,,0,,,,14.9,,5.6,,3.1,,0.6,,0,,,,13.7,,13.7,,0,,southern,Notre-Dame-de-la-Paix,7035666
TORONTO,5051,,ON,43.67,-79.4,112.5,6158350,71266,,1975-03-23,1975,03,23,,0,,,,13,,7.8,,5,,2.2,,0,,,,0.8,,0.8,,0,,southern,Notre-Dame-de-la-Paix,7035666
TORONTO,5051,,ON,43.67,-79.4,112.5,6158350,71266,,1975-03-24,1975,03,24,,0,,,,16.6,,3.3,,1.4,,-0.6,,0,,,,10.7,,10.7,,0,,southern,Notre-Dame-de-la-Paix,7035666
TORONTO,5051,,ON,43.67,-79.4,112.5,6158350,71266,,1975-03-25,1975,03,25,,0,,,,15.2,,5,,2.8,,0.6,,0,,,,0,T,0,,0,T,southern,Notre-Dame-de-la-Paix,7035666
TORONTO,5051,,ON,43.67,-79.4,112.5,6158350,71266,,1975-03-26,1975,03,26,,0,,,,25.8,,-3.9,,-7.8,,-11.7,,0,,,,0,T,0,,0,T,southern,Notre-Dame-de-la-Paix,7035666
TORONTO,5051,,ON,43.67,-79.4,112.5,6158350,71266,,1975-03-27,1975,03,27,,0,,,,23.3,,-1.1,,-5.3,,-9.4,,0,,,,0,,0,,0,,southern,Notre-Dame-de-la-Paix,7035666
TORONTO,5051,,ON,43.67,-79.4,112.5,6158350,71266,,1975-03-28,1975,03,28,,0,,,,20.5,,1.7,,-2.5,,-6.7,,0,,,,5.6,,5.6,,0,,southern,Notre-Dame-de-la-Paix,7035666
TORONTO,5051,,ON,43.67,-79.4,112.5,6158350,71266,,1975-03-29,1975,03,29,,0,,,,15.2,,6.7,,2.8,,-1.1,,0,,,,0.3,,0.3,,0,,southern,Notre-Dame-de-la-Paix,7035666
TORONTO,5051,,ON,43.67,-79.4,112.5,6158350,71266,,1975-03-30,1975,03,30,,0,,,,17.4,,2.2,,0.6,,-1.1,,0,,,,0,T,0,,0.3,,southern,Notre-Dame-de-la-Paix,7035666
TORONTO,5051,,ON,43.67,-79.4,112.5,6158350,71266,,1975-03-31,1975,03,31,,0,,,,20.2,,1.7,,-2.2,,-6.1,,0,T,,,1.3,,0,,1.5,,southern,Notre-Dame-de-la-Paix,7035666
TORONTO,5051,,ON,43.67,-79.4,112.5,6158350,71266,,1975-04-01,1975,04,01,,0,,,,17.4,,3.9,,0.6,,-2.8,,3,,,,0,,0,,0,,southern,Notre-Dame-de-la-Paix,7035666
TORONTO,5051,,ON,43.67,-79.4,112.5,6158350,71266,,1975-04-02,1975,04,02,,0,,,,18.8,,0.6,,-0.8,,-2.2,,0,T,,,22.1,,6.1,,13.5,,southern,Notre-Dame-de-la-Paix,7035666
TORONTO,5051,,ON,43.67,-79.4,112.5,6158350,71266,,1975-04-03,1975,04,03,,0,,,,20.8,,-1.1,,-2.8,,-4.4,,8,,,,10.4,,0,,10.4,,southern,Notre-Dame-de-la-Paix,7035666
TORONTO,5051,,ON,43.67,-79.4,112.5,6158350,71266,,1975-04-04,1975,04,04,,0,,,,23.3,,-3.9,,-5.3,,-6.7,,8,,,,0.5,,0,,0.5,,southern,Notre-Dame-de-la-Paix,7035666
TORONTO,5051,,ON,43.67,-79.4,112.5,6158350,71266,,1975-04-05,1975,04,05,,0,,,,21.9,,0,,-3.9,,-7.8,,8,,,,0,,0,,0,,southern,Notre-Dame-de-la-Paix,7035666
TORONTO,5051,,ON,43.67,-79.4,112.5,6158350,71266,,1975-04-06,1975,04,06,,0,,,,20.8,,0,,-2.8,,-5.6,,8,,,,0,T,0,,0,T,southern,Notre-Dame-de-la-Paix,7035666
TORONTO,5051,,ON,43.67,-79.4,112.5,6158350,71266,,1975-04-07,1975,04,07,,0,,,,18,,2.2,,0,,-2.2,,5,,,,0,,0,,0,,southern,Notre-Dame-de-la-Paix,7035666
TORONTO,5051,,ON,43.67,-79.4,112.5,6158350,71266,,1975-04-08,1975,04,08,,0,,,,18.6,,1.7,,-0.6,,-2.8,,3,,,,0,,0,,0,,southern,Notre-Dame-de-la-Paix,7035666
TORONTO,5051,,ON,43.67,-79.4,112.5,6158350,71266,,1975-04-09,1975,04,09,,0,,,,18.6,,2.8,,-0.6,,-3.9,,0,T,,,0,,0,,0,,southern,Notre-Dame-de-la-Paix,7035666
TORONTO,5051,,ON,43.67,-79.4,112.5,6158350,71266,,1975-04-10,1975,04,10,,0,,,,16.3,,4.4,,1.7,,-1.1,,0,T,,,0,,0,,0,,southern,Notre-Dame-de-la-Paix,7035666
TORONTO,5051,,ON,43.67,-79.4,112.5,6158350,71266,,1975-04-11,1975,04,11,,0,,,,16.9,,4.4,,1.1,,-2.2,,0,,,,0,,0,,0,,southern,Notre-Dame-de-la-Paix,7035666
TORONTO,5051,,ON,43.67,-79.4,112.5,6158350,71266,,1975-04-12,1975,04,12,,0,,,,17.4,,4.4,,0.6,,-3.3,,0,,,,0,T,0,,0,T,southern,Notre-Dame-de-la-Paix,7035666
TORONTO,5051,,ON,43.67,-79.4,112.5,6158350,71266,,1975-04-13,1975,04,13,,0,,,,16.6,,5.6,,1.4,,-2.8,,0,,,,0,,0,,0,,southern,Notre-Dame-de-la-Paix,7035666
TORONTO,5051,,ON,43.67,-79.4,112.5,6158350,71266,,1975-04-14,1975,04,14,,0,,,,14.4,,8.3,,3.6,,-1.1,,0,,,,0,,0,,0,,southern,Notre-Dame-de-la-Paix,7035666
TORONTO,5051,,ON,43.67,-79.4,112.5,6158350,71266,,1975-04-15,1975,04,15,,0,,,,11.6,,9.4,,6.4,,3.3,,0,,,,0,,0,,0,,southern,Notre-Dame-de-la-Paix,7035666
TORONTO,5051,,ON,43.67,-79.4,112.5,6158350,71266,,1975-04-16,1975,04,16,,0,,,,10.8,,12.2,,7.2,,2.2,,0,,,,0,,0,,0,,southern,Notre-Dame-de-la-Paix,7035666
TORONTO,5051,,ON,43.67,-79.4,112.5,6158350,71266,,1975-04-17,1975,04,17,,0,,,,8,,14.4,,10,,5.6,,0,,,,0.3,,0.3,,0,,southern,Notre-Dame-de-la-Paix,7035666
TORONTO,5051,,ON,43.67,-79.4,112.5,6158350,71266,,1975-04-18,1975,04,18,,0,,,,5.2,,16.7,,12.8,,8.9,,0,,,,34.8,,34.8,,0,,southern,Notre-Dame-de-la-Paix,7035666
TORONTO,5051,,ON,43.67,-79.4,112.5,6158350,71266,,1975-04-19,1975,04,19,,0,,,,7.4,,14.4,,10.6,,6.7,,0,,,,1.5,,1.5,,0,,southern,Notre-Dame-de-la-Paix,7035666
TORONTO,5051,,ON,43.67,-79.4,112.5,6158350,71266,,1975-04-20,1975,04,20,,0,,,,11,,8.9,,7,,5,,0,,,,0,,0,,0,,southern,Notre-Dame-de-la-Paix,7035666
TORONTO,5051,,ON,43.67,-79.4,112.5,6158350,71266,,1975-04-21,1975,04,21,,0,,,,13.8,,8.3,,4.2,,0,,0,,,,0,,0,,0,,southern,Notre-Dame-de-la-Paix,7035666
TORONTO,5051,,ON,43.67,-79.4,112.5,6158350,71266,,1975-04-22,1975,04,22,,0,,,,11.9,,11.1,,6.1,,1.1,,0,,,,0,,0,,0,,southern,Notre-Dame-de-la-Paix,7035666
TORONTO,5051,,ON,43.67,-79.4,112.5,6158350,71266,,1975-04-23,1975,04,23,,0,,,,9.4,,12.8,,8.6,,4.4,,0,,,,4.1,,4.1,,0,,southern,Notre-Dame-de-la-Paix,7035666
TORONTO,5051,,ON,43.67,-79.4,112.5,6158350,71266,,1975-04-24,1975,04,24,,0,,,,6.3,,15,,11.7,,8.3,,0,,,,0,,0,,0,,southern,Notre-Dame-de-la-Paix,7035666
TORONTO,5051,,ON,43.67,-79.4,112.5,6158350,71266,,1975-04-25,1975,04,25,,0,,,,10.5,,8.3,,7.5,,6.7,,0,,,,0,,0,,0,,southern,Notre-Dame-de-la-Paix,7035666
TORONTO,5051,,ON,43.67,-79.4,112.5,6158350,71266,,1975-04-26,1975,04,26,,0,,,,10.8,,11.1,,7.2,,3.3,,0,,,,0,,0,,0,,southern,Notre-Dame-de-la-Paix,7035666
TORONTO,5051,,ON,43.67,-79.4,112.5,6158350,71266,,1975-04-27,1975,04,27,,0,,,,9.1,,14.4,,8.9,,3.3,,0,,,,0,,0,,0,,southern,Notre-Dame-de-la-Paix,7035666
TORONTO,5051,,ON,43.67,-79.4,112.5,6158350,71266,,1975-04-28,1975,04,28,,0,,,,9.3,,11.7,,8.7,,5.6,,0,,,,0,T,0,T,0,,southern,Notre-Dame-de-la-Paix,7035666
TORONTO,5051,,ON,43.67,-79.4,112.5,6158350,71266,,1975-04-29,1975,04,29,,0,,,,7.4,,13.3,,10.6,,7.8,,0,,,,0,,0,,0,,southern,Notre-Dame-de-la-Paix,7035666
TORONTO,5051,,ON,43.67,-79.4,112.5,6158350,71266,,1975-04-30,1975,04,30,,0,,,,6.6,,15.6,,11.4,,7.2,,0,,,,0.3,,0.3,,0,,southern,Notre-Dame-de-la-Paix,7035666
TORONTO,5051,,ON,43.67,-79.4,112.5,6158350,71266,,1975-05-01,1975,05,01,,0,,,,7.2,,13.3,,10.8,,8.3,,0,,,,0,T,0,T,0,,southern,Notre-Dame-de-la-Paix,7035666
TORONTO,5051,,ON,43.67,-79.4,112.5,6158350,71266,,1975-05-02,1975,05,02,,0,,,,3,,20.6,,15,,9.4,,0,,,,0.3,,0.3,,0,,southern,Notre-Dame-de-la-Paix,7035666
TORONTO,5051,,ON,43.67,-79.4,112.5,6158350,71266,,1975-05-03,1975,05,03,,0,,,,4.1,,17.8,,13.9,,10,,0,,,,5.3,,5.3,,0,,southern,Notre-Dame-de-la-Paix,7035666
TORONTO,5051,,ON,43.67,-79.4,112.5,6158350,71266,,1975-05-04,1975,05,04,,0,,,,8.5,,10.6,,9.5,,8.3,,0,,,,21.1,,21.1,,0,,southern,Notre-Dame-de-la-Paix,7035666
TORONTO,5051,,ON,43.67,-79.4,112.5,6158350,71266,,1975-05-05,1975,05,05,,0,,,,9.6,,10,,8.4,,6.7,,0,,,,7.9,,7.9,,0,,southern,Notre-Dame-de-la-Paix,7035666
TORONTO,5051,,ON,43.67,-79.4,112.5,6158350,71266,,1975-05-06,1975,05,06,,0,,,,7.7,,13.3,,10.3,,7.2,,0,,,,13.7,,13.7,,0,,southern,Notre-Dame-de-la-Paix,7035666
TORONTO,5051,,ON,43.67,-79.4,112.5,6158350,71266,,1975-05-07,1975,05,07,,0,,,,5.2,,17.2,,12.8,,8.3,,0,,,,0,,0,,0,,southern,Notre-Dame-de-la-Paix,7035666
TORONTO,5051,,ON,43.67,-79.4,112.5,6158350,71266,,1975-05-08,1975,05,08,,0,,,,3.5,,18.3,,14.5,,10.6,,0,,,,0,,0,,0,,southern,Notre-Dame-de-la-Paix,7035666
TORONTO,5051,,ON,43.67,-79.4,112.5,6158350,71266,,1975-05-09,1975,05,09,,0,,,,2.7,,20.6,,15.3,,10,,0,,,,0,,0,,0,,southern,Notre-Dame-de-la-Paix,7035666
TORONTO,5051,,ON,43.67,-79.4,112.5,6158350,71266,,1975-05-10,1975,05,10,,0,,,,2.1,,20,,15.9,,11.7,,0,,,,0,,0,,0,,southern,Notre-Dame-de-la-Paix,7035666
TORONTO,5051,,ON,43.67,-79.4,112.5,6158350,71266,,1975-05-11,1975,05,11,,0.4,,,,0,,25.6,,18.4,,11.1,,0,,,,0,,0,,0,,southern,Notre-Dame-de-la-Paix,7035666
TORONTO,5051,,ON,43.67,-79.4,112.5,6158350,71266,,1975-05-12,1975,05,12,,0,,,,4.9,,16.7,,13.1,,9.4,,0,,,,0.5,,0.5,,0,,southern,Notre-Dame-de-la-Paix,7035666
TORONTO,5051,,ON,43.67,-79.4,112.5,6158350,71266,,1975-05-13,1975,05,13,,0,,,,1.6,,22.2,,16.4,,10.6,,0,,,,0,,0,,0,,southern,Notre-Dame-de-la-Paix,7035666
TORONTO,5051,,ON,43.67,-79.4,112.5,6158350,71266,,1975-05-14,1975,05,14,,0,,,,2.1,,21.7,,15.9,,10,,0,,,,0,,0,,0,,southern,Notre-Dame-de-la-Paix,7035666
TORONTO,5051,,ON,43.67,-79.4,112.5,6158350,71266,,1975-05-15,1975,05,15,,0,,,,1.3,,19.4,,16.7,,13.9,,0,,,,3.6,,3.6,,0,,southern,Notre-Dame-de-la-Paix,7035666
TORONTO,5051,,ON,43.67,-79.4,112.5,6158350,71266,,1975-05-16,1975,05,16,,0,,,,3,,20,,15,,10,,0,,,,0,,0,,0,,southern,Notre-Dame-de-la-Paix,7035666
TORONTO,5051,,ON,43.67,-79.4,112.5,6158350,71266,,1975-05-17,1975,05,17,,0,,,,1.6,,21.7,,16.4,,11.1,,0,,,,0,,0,,0,,southern,Notre-Dame-de-la-Paix,7035666
TORONTO,5051,,ON,43.67,-79.4,112.5,6158350,71266,,1975-05-18,1975,05,18,,0,,,,0.2,,22.8,,17.8,,12.8,,0,,,,0,,0,,0,,southern,Notre-Dame-de-la-Paix,7035666
TORONTO,5051,,ON,43.67,-79.4,112.5,6158350,71266,,1975-05-19,1975,05,19,,1.2,,,,0,,24.4,,19.2,,13.9,,0,,,,0,,0,,0,,southern,Notre-Dame-de-la-Paix,7035666
TORONTO,5051,,ON,43.67,-79.4,112.5,6158350,71266,,1975-05-20,1975,05,20,,3.2,,,,0,,25.6,,21.2,,16.7,,0,,,,1.3,,1.3,,0,,southern,Notre-Dame-de-la-Paix,7035666
TORONTO,5051,,ON,43.67,-79.4,112.5,6158350,71266,,1975-05-21,1975,05,21,,4,,,,0,,28.9,,22,,15,,0,,,,0,,0,,0,,southern,Notre-Dame-de-la-Paix,7035666
TORONTO,5051,,ON,43.67,-79.4,112.5,6158350,71266,,1975-05-22,1975,05,22,,5.6,,,,0,,28.9,,23.6,,18.3,,0,,,,0,,0,,0,,southern,Notre-Dame-de-la-Paix,7035666
TORONTO,5051,,ON,43.67,-79.4,112.5,6158350,71266,,1975-05-23,1975,05,23,,5.6,,,,0,,28.9,,23.6,,18.3,,0,,,,0,,0,,0,,southern,Notre-Dame-de-la-Paix,7035666
TORONTO,5051,,ON,43.67,-79.4,112.5,6158350,71266,,1975-05-24,1975,05,24,,6.2,,,,0,,27.2,,24.2,,21.1,,0,,,,0,,0,,0,,southern,Notre-Dame-de-la-Paix,7035666
TORONTO,5051,,ON,43.67,-79.4,112.5,6158350,71266,,1975-05-25,1975,05,25,,1.2,,,,0,,21.1,,19.2,,17.2,,0,,,,2.3,,2.3,,0,,southern,Notre-Dame-de-la-Paix,7035666
TORONTO,5051,,ON,43.67,-79.4,112.5,6158350,71266,,1975-05-26,1975,05,26,,1.8,,,,0,,26.7,,19.8,,12.8,,0,,,,2.8,,2.8,,0,,southern,Notre-Dame-de-la-Paix,7035666
TORONTO,5051,,ON,43.67,-79.4,112.5,6158350,71266,,1975-05-27,1975,05,27,,3.7,,,,0,,26.1,,21.7,,17.2,,0,,,,0,,0,,0,,southern,Notre-Dame-de-la-Paix,7035666
TORONTO,5051,,ON,43.67,-79.4,112.5,6158350,71266,,1975-05-28,1975,05,28,,0,,,,0.2,,22.8,,17.8,,12.8,,0,,,,0,,0,,0,,southern,Notre-Dame-de-la-Paix,7035666
TORONTO,5051,,ON,43.67,-79.4,112.5,6158350,71266,,1975-05-29,1975,05,29,,1.5,,,,0,,23.3,,19.5,,15.6,,0,,,,1.3,,1.3,,0,,southern,Notre-Dame-de-la-Paix,7035666
TORONTO,5051,,ON,43.67,-79.4,112.5,6158350,71266,,1975-05-30,1975,05,30,,1.2,,,,0,,22.8,,19.2,,15.6,,0,,,,12.2,,12.2,,0,,southern,Notre-Dame-de-la-Paix,7035666
TORONTO,5051,,ON,43.67,-79.4,112.5,6158350,71266,,1975-05-31,1975,05,31,,1.8,,,,0,,23.9,,19.8,,15.6,,0,,,,4.3,,4.3,,0,,southern,Notre-Dame-de-la-Paix,7035666
TORONTO,5051,,ON,43.67,-79.4,112.5,6158350,71266,,1975-06-01,1975,06,01,,0.9,,,,0,,23.3,,18.9,,14.4,,0,,,,0,,0,,0,,southern,Notre-Dame-de-la-Paix,7035666
TORONTO,5051,,ON,43.67,-79.4,112.5,6158350,71266,,1975-06-02,1975,06,02,,0,,,,2.1,,20.6,,15.9,,11.1,,0,,,,0,T,0,T,0,,southern,Notre-Dame-de-la-Paix,7035666
TORONTO,5051,,ON,43.67,-79.4,112.5,6158350,71266,,1975-06-03,1975,06,03,,0,,,,2.4,,17.2,,15.6,,13.9,,0,,,,0,,0,,0,,southern,Notre-Dame-de-la-Paix,7035666
TORONTO,5051,,ON,43.67,-79.4,112.5,6158350,71266,,1975-06-04,1975,06,04,,0,,,,1,,21.1,,17,,12.8,,0,,,,6.9,,6.9,,0,,southern,Notre-Dame-de-la-Paix,7035666
TORONTO,5051,,ON,43.67,-79.4,112.5,6158350,71266,,1975-06-05,1975,06,05,,0,,,,3.3,,17.2,,14.7,,12.2,,0,,,,1.8,,1.8,,0,,southern,Notre-Dame-de-la-Paix,7035666
TORONTO,5051,,ON,43.67,-79.4,112.5,6158350,71266,,1975-06-06,1975,06,06,,0,,,,0.2,,22.2,,17.8,,13.3,,0,,,,0,,0,,0,,southern,Notre-Dame-de-la-Paix,7035666
TORONTO,5051,,ON,43.67,-79.4,112.5,6158350,71266,,1975-06-07,1975,06,07,,0,,,,3,,17.8,,15,,12.2,,0,,,,0,,0,,0,,southern,Notre-Dame-de-la-Paix,7035666
TORONTO,5051,,ON,43.67,-79.4,112.5,6158350,71266,,1975-06-08,1975,06,08,,0,,,,2.1,,20.6,,15.9,,11.1,,0,,,,0,,0,,0,,southern,Notre-Dame-de-la-Paix,7035666
TORONTO,5051,,ON,43.67,-79.4,112.5,6158350,71266,,1975-06-09,1975,06,09,,0,,,,2.4,,17.8,,15.6,,13.3,,0,,,,0,,0,,0,,southern,Notre-Dame-de-la-Paix,7035666
TORONTO,5051,,ON,43.67,-79.4,112.5,6158350,71266,,1975-06-10,1975,06,10,,0,,,,1,,22.2,,17,,11.7,,0,,,,0,,0,,0,,southern,Notre-Dame-de-la-Paix,7035666
TORONTO,5051,,ON,43.67,-79.4,112.5,6158350,71266,,1975-06-11,1975,06,11,,0,,,,0.5,,20,,17.5,,15,,0,,,,17.5,,17.5,,0,,southern,Notre-Dame-de-la-Paix,7035666
TORONTO,5051,,ON,43.67,-79.4,112.5,6158350,71266,,1975-06-12,1975,06,12,,1.2,,,,0,,23.3,,19.2,,15,,0,,,,0.3,,0.3,,0,,southern,Notre-Dame-de-la-Paix,7035666
TORONTO,5051,,ON,43.67,-79.4,112.5,6158350,71266,,1975-06-13,1975,06,13,,0.7,,,,0,,21.7,,18.7,,15.6,,0,,,,0,,0,,0,,southern,Notre-Dame-de-la-Paix,7035666
TORONTO,5051,,ON,43.67,-79.4,112.5,6158350,71266,,1975-06-14,1975,06,14,,1.8,,,,0,,23.9,,19.8,,15.6,,0,,,,0.5,,0.5,,0,,southern,Notre-Dame-de-la-Paix,7035666
TORONTO,5051,,ON,43.67,-79.4,112.5,6158350,71266,,1975-06-15,1975,06,15,,4.8,,,,0,,27.8,,22.8,,17.8,,0,,,,4.6,,4.6,,0,,southern,Notre-Dame-de-la-Paix,7035666
TORONTO,5051,,ON,43.67,-79.4,112.5,6158350,71266,,1975-06-16,1975,06,16,,2,,,,0,,23.9,,20,,16.1,,0,,,,0,,0,,0,,southern,Notre-Dame-de-la-Paix,7035666
TORONTO,5051,,ON,43.67,-79.4,112.5,6158350,71266,,1975-06-17,1975,06,17,,2.9,,,,0,,25.6,,20.9,,16.1,,0,,,,3.8,,3.8,,0,,southern,Notre-Dame-de-la-Paix,7035666
TORONTO,5051,,ON,43.67,-79.4,112.5,6158350,71266,,1975-06-18,1975,06,18,,7.3,,,,0,,31.1,,25.3,,19.4,,0,,,,20.8,,20.8,,0,,southern,Notre-Dame-de-la-Paix,7035666
TORONTO,5051,,ON,43.67,-79.4,112.5,6158350,71266,,1975-06-19,1975,06,19,,3.7,,,,0,,25,,21.7,,18.3,,0,,,,2.5,,2.5,,0,,southern,Notre-Dame-de-la-Paix,7035666
TORONTO,5051,,ON,43.67,-79.4,112.5,6158350,71266,,1975-06-20,1975,06,20,,3.1,,,,0,,22.8,,21.1,,19.4,,0,,,,0,,0,,0,,southern,Notre-Dame-de-la-Paix,7035666
TORONTO,5051,,ON,43.67,-79.4,112.5,6158350,71266,,1975-06-21,1975,06,21,,1.8,,,,0,,23.9,,19.8,,15.6,,0,,,,0,,0,,0,,southern,Notre-Dame-de-la-Paix,7035666
TORONTO,5051,,ON,43.67,-79.4,112.5,6158350,71266,,1975-06-22,1975,06,22,,5.9,,,,0,,30,,23.9,,17.8,,0,,,,0,,0,,0,,southern,Notre-Dame-de-la-Paix,7035666
TORONTO,5051,,ON,43.67,-79.4,112.5,6158350,71266,,1975-06-23,1975,06,23,,9.5,,,,0,,33.3,,27.5,,21.7,,0,,,,0,T,0,T,0,,southern,Notre-Dame-de-la-Paix,7035666
TORONTO,5051,,ON,43.67,-79.4,112.5,6158350,71266,,1975-06-24,1975,06,24,,7.6,,,,0,,28.9,,25.6,,22.2,,0,,,,0,T,0,T,0,,southern,Notre-Dame-de-la-Paix,7035666
TORONTO,5051,,ON,43.67,-79.4,112.5,6158350,71266,,1975-06-25,1975,06,25,,2.6,,,,0,,23.9,,20.6,,17.2,,0,,,,0,,0,,0,,southern,Notre-Dame-de-la-Paix,7035666
TORONTO,5051,,ON,43.67,-79.4,112.5,6158350,71266,,1975-06-26,1975,06,26,,3.4,,,,0,,25.6,,21.4,,17.2,,0,,,,0,,0,,0,,southern,Notre-Dame-de-la-Paix,7035666
TORONTO,5051,,ON,43.67,-79.4,112.5,6158350,71266,,1975-06-27,1975,06,27,,3.7,,,,0,,23.9,,21.7,,19.4,,0,,,,0,,0,,0,,southern,Notre-Dame-de-la-Paix,7035666
TORONTO,5051,,ON,43.67,-79.4,112.5,6158350,71266,,1975-06-28,1975,06,28,,4.3,,,,0,,25.6,,22.3,,18.9,,0,,,,0,,0,,0,,southern,Notre-Dame-de-la-Paix,7035666
TORONTO,5051,,ON,43.67,-79.4,112.5,6158350,71266,,1975-06-29,1975,06,29,,7,,,,0,,28.9,,25,,21.1,,0,,,,0,,0,,0,,southern,Notre-Dame-de-la-Paix,7035666
TORONTO,5051,,ON,43.67,-79.4,112.5,6158350,71266,,1975-06-30,1975,06,30,,6.2,,,,0,,27.2,,24.2,,21.1,,0,,,,0,,0,,0,,southern,Notre-Dame-de-la-Paix,7035666
TORONTO,5051,,ON,43.67,-79.4,112.5,6158350,71266,,1975-07-01,1975,07,01,,5.9,,,,0,,28.9,,23.9,,18.9,,0,,,,0,,0,,0,,southern,Notre-Dame-de-la-Paix,7035666
TORONTO,5051,,ON,43.67,-79.4,112.5,6158350,71266,,1975-07-02,1975,07,02,,9.2,,,,0,,33.3,,27.2,,21.1,,0,,,,0.3,,0.3,,0,,southern,Notre-Dame-de-la-Paix,7035666
TORONTO,5051,,ON,43.67,-79.4,112.5,6158350,71266,,1975-07-03,1975,07,03,,6.5,,,,0,,26.7,,24.5,,22.2,,0,,,,0.3,,0.3,,0,,southern,Notre-Dame-de-la-Paix,7035666
TORONTO,5051,,ON,43.67,-79.4,112.5,6158350,71266,,1975-07-04,1975,07,04,,6.2,,,,0,,28.3,,24.2,,20,,0,,,,0,,0,,0,,southern,Notre-Dame-de-la-Paix,7035666
TORONTO,5051,,ON,43.67,-79.4,112.5,6158350,71266,,1975-07-05,1975,07,05,,7.9,,,,0,,31.1,,25.9,,20.6,,0,,,,0,,0,,0,,southern,Notre-Dame-de-la-Paix,7035666
TORONTO,5051,,ON,43.67,-79.4,112.5,6158350,71266,,1975-07-06,1975,07,06,,7.6,,,,0,,29.4,,25.6,,21.7,,0,,,,0,,0,,0,,southern,Notre-Dame-de-la-Paix,7035666
TORONTO,5051,,ON,43.67,-79.4,112.5,6158350,71266,,1975-07-07,1975,07,07,,8.4,,,,0,,30.6,,26.4,,22.2,,0,,,,0,,0,,0,,southern,Notre-Dame-de-la-Paix,7035666
TORONTO,5051,,ON,43.67,-79.4,112.5,6158350,71266,,1975-07-08,1975,07,08,,9,,,,0,,31.7,,27,,22.2,,0,,,,5.3,,5.3,,0,,southern,Notre-Dame-de-la-Paix,7035666
TORONTO,5051,,ON,43.67,-79.4,112.5,6158350,71266,,1975-07-09,1975,07,09,,4.2,,,,0,,27.2,,22.2,,17.2,,0,,,,0,,0,,0,,southern,Notre-Dame-de-la-Paix,7035666
TORONTO,5051,,ON,43.67,-79.4,112.5,6158350,71266,,1975-07-10,1975,07,10,,1.8,,,,0,,21.7,,19.8,,17.8,,0,,,,23.9,,23.9,,0,,southern,Notre-Dame-de-la-Paix,7035666
TORONTO,5051,,ON,43.67,-79.4,112.5,6158350,71266,,1975-07-11,1975,07,11,,1.2,,,,0,,22.8,,19.2,,15.6,,0,,,,0,,0,,0,,southern,Notre-Dame-de-la-Paix,7035666
